{"cameraMode":{"drawMode":0,"name":"Shaded","section":"Shading Mode"},"sceneLighting":true,"audioPlay":false,"sceneViewState":{"showFog":true,"showMaterialUpdate":false,"showSkybox":true,"showFlares":true,"showImageEffects":true,"showParticleSystems":true},"in2DMode":false,"pivot":{"x":198.6591339111328,"y":16.929100036621095,"z":-31.12034797668457},"rotation":{"x":-0.014591899700462819,"y":-0.7288779020309448,"z":0.015527840703725815,"w":-0.6843395829200745},"size":10.887075424194336,"orthographic":false}