{"cameraMode":{"drawMode":0,"name":"Shaded","section":"Shading Mode"},"sceneLighting":false,"audioPlay":false,"sceneViewState":{"showFog":true,"showMaterialUpdate":false,"showSkybox":false,"showFlares":true,"showImageEffects":true,"showParticleSystems":true},"in2DMode":false,"pivot":{"x":-3.8327536582946779,"y":5.251469612121582,"z":-10.429328918457032},"rotation":{"x":-0.04580194875597954,"y":0.9150357842445374,"z":0.10865829885005951,"w":0.38577714562416079},"size":3.5721468925476076,"orthographic":false}