{"cameraMode":{"drawMode":0,"name":"Shaded","section":"Shading Mode"},"sceneLighting":true,"audioPlay":false,"sceneViewState":{"showFog":true,"showMaterialUpdate":false,"showSkybox":true,"showFlares":true,"showImageEffects":true,"showParticleSystems":true},"in2DMode":false,"pivot":{"x":43.837520599365237,"y":-73.76078033447266,"z":233.42807006835938},"rotation":{"x":-0.17636005580425263,"y":-0.02016366645693779,"z":0.0036567035131156446,"w":-0.9841978549957275},"size":310.1212463378906,"orthographic":false}