{"cameraMode":{"drawMode":0,"name":"Shaded","section":"Shading Mode"},"sceneLighting":false,"audioPlay":false,"sceneViewState":{"showFog":true,"showMaterialUpdate":false,"showSkybox":false,"showFlares":true,"showImageEffects":true,"showParticleSystems":true},"in2DMode":false,"pivot":{"x":3.5615692138671877,"y":5.858245849609375,"z":-3.6484107971191408},"rotation":{"x":-0.06511635333299637,"y":-0.49313220381736758,"z":0.037724968045949939,"w":-0.8668861985206604},"size":99.23429107666016,"orthographic":false}