{"cameraMode":{"drawMode":0,"name":"Shaded","section":"Shading Mode"},"sceneLighting":true,"audioPlay":false,"sceneViewState":{"showFog":true,"showMaterialUpdate":false,"showSkybox":true,"showFlares":true,"showImageEffects":true,"showParticleSystems":true},"in2DMode":false,"pivot":{"x":128.1725311279297,"y":10.831547737121582,"z":-35.570289611816409},"rotation":{"x":-0.0916077047586441,"y":-0.34252992272377016,"z":0.033849477767944339,"w":-0.934495747089386},"size":152.66815185546876,"orthographic":false}