{"cameraMode":{"drawMode":0,"name":"Shaded","section":"Shading Mode"},"sceneLighting":true,"audioPlay":false,"sceneViewState":{"showFog":true,"showMaterialUpdate":false,"showSkybox":true,"showFlares":true,"showImageEffects":true,"showParticleSystems":true},"in2DMode":false,"pivot":{"x":71.52178955078125,"y":16.628765106201173,"z":-21.33979034423828},"rotation":{"x":0.20677915215492249,"y":0.13452784717082978,"z":-0.0287167951464653,"w":0.9686747193336487},"size":130.19081115722657,"orthographic":false}