{"cameraMode":{"drawMode":0,"name":"Shaded","section":"Shading Mode"},"sceneLighting":false,"audioPlay":false,"sceneViewState":{"showFog":true,"showMaterialUpdate":false,"showSkybox":false,"showFlares":true,"showImageEffects":true,"showParticleSystems":true},"in2DMode":false,"pivot":{"x":-10.558101654052735,"y":-8.940022468566895,"z":-69.84423828125},"rotation":{"x":0.004459839779883623,"y":-0.9955579042434692,"z":0.06911259889602661,"w":0.06435509771108628},"size":75.2804183959961,"orthographic":false}