{"cameraMode":{"drawMode":0,"name":"Shaded","section":"Shading Mode"},"sceneLighting":true,"audioPlay":false,"sceneViewState":{"showFog":true,"showMaterialUpdate":false,"showSkybox":true,"showFlares":true,"showImageEffects":true,"showParticleSystems":true},"in2DMode":false,"pivot":{"x":177.9996337890625,"y":-21.174007415771486,"z":46.48625946044922},"rotation":{"x":-0.20676548779010774,"y":0.07366862893104553,"z":-0.015185813419520855,"w":-0.975618302822113},"size":336.8701171875,"orthographic":false}