{"cameraMode":{"drawMode":0,"name":"Shaded","section":"Shading Mode"},"sceneLighting":false,"audioPlay":false,"sceneViewState":{"showFog":true,"showMaterialUpdate":false,"showSkybox":false,"showFlares":true,"showImageEffects":true,"showParticleSystems":true},"in2DMode":false,"pivot":{"x":256.4100036621094,"y":12.456999778747559,"z":-32.76300048828125},"rotation":{"x":-0.0009841542923823,"y":0.999560534954071,"z":-0.019793257117271425,"w":-0.02852604351937771},"size":3.401261568069458,"orthographic":false}